# returns,episode_length
5.712489987173384520e+00,7.000000000000000000e+00
2.179507214392525150e+00,3.000000000000000000e+00
